{"textures":{"0":"modelengine:entity/pa_bison_snowy"},"elements":[{"from":[4.9142857,-1.1428576,5.714286],"to":[8.342857,6.857143,10.0],"rotation":{"angle":0.0,"axis":"y","origin":[12.285715,-1.1428576,8.571428]},"faces":{"east":{"uv":[9.375,10.875,10.25,12.625],"rotation":0,"texture":"#0","tintindex":0},"south":{"uv":[11.875,10.875,12.625,12.625],"rotation":0,"texture":"#0","tintindex":0},"north":{"uv":[10.25,10.875,11.0,12.625],"rotation":0,"texture":"#0","tintindex":0},"west":{"uv":[11.0,10.875,11.875,12.625],"rotation":0,"texture":"#0","tintindex":0},"up":{"uv":[11.0,10.875,10.25,10.0],"rotation":0,"texture":"#0","tintindex":0},"down":{"uv":[11.75,10.0,11.0,10.875],"rotation":0,"texture":"#0","tintindex":0}}}],"display":{"head":{"translation":[0.0,-6.4,0.0],"scale":[4.0,4.0,4.0]}}}