{"textures":{"0":"modelengine:entity/pa_bunfungus"},"elements":[{"from":[4.5714283,6.857143,1.7142854],"to":[11.428572,11.428572,9.142858],"rotation":{"angle":0.0,"axis":"y","origin":[8.0,-5.714287,8.0]},"faces":{"east":{"uv":[0.0,4.9375,0.8125,5.4375],"rotation":0,"texture":"#0","tintindex":0},"south":{"uv":[2.375,4.9375,3.125,5.4375],"rotation":0,"texture":"#0","tintindex":0},"north":{"uv":[0.8125,4.9375,1.5625,5.4375],"rotation":0,"texture":"#0","tintindex":0},"west":{"uv":[1.5625,4.9375,2.375,5.4375],"rotation":0,"texture":"#0","tintindex":0},"up":{"uv":[1.5625,4.9375,0.8125,4.125],"rotation":0,"texture":"#0","tintindex":0},"down":{"uv":[2.3125,4.125,1.5625,4.9375],"rotation":0,"texture":"#0","tintindex":0}}},{"from":[2.5714283,11.428572,-0.2857151],"to":[14.0,14.285715,11.142858],"rotation":{"angle":0.0,"axis":"y","origin":[8.0,-5.714287,8.0]},"faces":{"east":{"uv":[0.0,3.75,1.25,4.0625],"rotation":0,"texture":"#0","tintindex":0},"south":{"uv":[3.75,3.75,5.0,4.0625],"rotation":0,"texture":"#0","tintindex":0},"north":{"uv":[1.25,3.75,2.5,4.0625],"rotation":0,"texture":"#0","tintindex":0},"west":{"uv":[2.5,3.75,3.75,4.0625],"rotation":0,"texture":"#0","tintindex":0},"up":{"uv":[2.5,3.75,1.25,2.5],"rotation":0,"texture":"#0","tintindex":0},"down":{"uv":[3.75,2.5,2.5,3.75],"rotation":0,"texture":"#0","tintindex":0}}},{"from":[6.285714,6.857143,0.5714283],"to":[9.714286,9.142858,1.7142854],"rotation":{"angle":0.0,"axis":"y","origin":[8.0,-5.714287,8.0]},"faces":{"east":{"uv":[0.0,2.625,0.125,2.875],"rotation":0,"texture":"#0","tintindex":0},"south":{"uv":[0.625,2.625,1.0,2.875],"rotation":0,"texture":"#0","tintindex":0},"north":{"uv":[0.125,2.625,0.5,2.875],"rotation":0,"texture":"#0","tintindex":0},"west":{"uv":[0.5,2.625,0.625,2.875],"rotation":0,"texture":"#0","tintindex":0},"up":{"uv":[0.5,2.625,0.125,2.5],"rotation":0,"texture":"#0","tintindex":0},"down":{"uv":[0.875,2.5,0.5,2.625],"rotation":0,"texture":"#0","tintindex":0}}},{"from":[4.5714283,10.285714,1.6571422],"to":[7.428571,10.857143,1.6571422],"rotation":{"angle":0.0,"axis":"y","origin":[8.0,-5.714287,8.0]},"faces":{"east":{"uv":[5.625,0.125,5.625,0.1875],"rotation":0,"texture":"#0","tintindex":0},"south":{"uv":[5.9375,0.125,6.25,0.1875],"rotation":0,"texture":"#0","tintindex":0},"north":{"uv":[5.625,0.125,5.9375,0.1875],"rotation":0,"texture":"#0","tintindex":0},"west":{"uv":[5.9375,0.125,5.9375,0.1875],"rotation":0,"texture":"#0","tintindex":0},"up":{"uv":[5.9375,0.125,5.625,0.125],"rotation":0,"texture":"#0","tintindex":0},"down":{"uv":[6.25,0.125,5.9375,0.125],"rotation":0,"texture":"#0","tintindex":0}}},{"from":[8.571428,10.285714,1.6571422],"to":[11.428572,10.857143,1.6571422],"rotation":{"angle":0.0,"axis":"y","origin":[8.0,-5.714287,8.0]},"faces":{"east":{"uv":[5.625,0.125,5.625,0.1875],"rotation":0,"texture":"#0","tintindex":0},"south":{"uv":[5.9375,0.125,6.25,0.1875],"rotation":0,"texture":"#0","tintindex":0},"north":{"uv":[5.625,0.125,5.9375,0.1875],"rotation":0,"texture":"#0","tintindex":0},"west":{"uv":[5.9375,0.125,5.9375,0.1875],"rotation":0,"texture":"#0","tintindex":0},"up":{"uv":[5.9375,0.125,5.625,0.125],"rotation":0,"texture":"#0","tintindex":0},"down":{"uv":[6.25,0.125,5.9375,0.125],"rotation":0,"texture":"#0","tintindex":0}}}],"display":{"head":{"translation":[0.0,-6.4,0.0],"scale":[4.0,4.0,4.0]}}}