{"textures":{"0":"modelengine:entity/pa_bunfungus"},"elements":[{"from":[4.5714283,2.8571424,2.2857141],"to":[6.857143,6.857143,5.714286],"rotation":{"angle":0.0,"axis":"y","origin":[10.857143,-4.5714293,8.0]},"faces":{"east":{"uv":[4.1875,5.1875,3.8125,5.625],"rotation":0,"texture":"#0","tintindex":0},"south":{"uv":[4.4375,5.1875,4.1875,5.625],"rotation":0,"texture":"#0","tintindex":0},"north":{"uv":[3.8125,5.1875,3.5625,5.625],"rotation":0,"texture":"#0","tintindex":0},"west":{"uv":[3.5625,5.1875,3.1875,5.625],"rotation":0,"texture":"#0","tintindex":0},"up":{"uv":[3.5625,5.1875,3.8125,4.8125],"rotation":0,"texture":"#0","tintindex":0},"down":{"uv":[3.8125,4.8125,4.0625,5.1875],"rotation":0,"texture":"#0","tintindex":0}}}],"display":{"head":{"translation":[0.0,-6.4,0.0],"scale":[4.0,4.0,4.0]}}}