{"textures":{"0":"modelengine:entity/pa_cachalot_whale"},"elements":[{"from":[-0.8000002,5.6000004,-13.200003],"to":[15.6,29.2,32.0],"rotation":{"angle":0.0,"axis":"y","origin":[8.0,5.6000004,-10.400002]},"faces":{"east":{"uv":[0.0,3.53125,3.53125,5.375],"rotation":0,"texture":"#0","tintindex":0},"south":{"uv":[8.34375,3.53125,9.625,5.375],"rotation":0,"texture":"#0","tintindex":0},"north":{"uv":[3.53125,3.53125,4.8125,5.375],"rotation":0,"texture":"#0","tintindex":0},"west":{"uv":[4.8125,3.53125,8.34375,5.375],"rotation":0,"texture":"#0","tintindex":0},"up":{"uv":[4.8125,3.53125,3.53125,0.0],"rotation":0,"texture":"#0","tintindex":0},"down":{"uv":[6.09375,0.0,4.8125,3.53125],"rotation":0,"texture":"#0","tintindex":0}}},{"from":[2.796,7.596,14.395998],"to":[15.204,8.004001,20.004],"rotation":{"angle":0.0,"axis":"y","origin":[8.0,5.6000004,-10.400002]},"faces":{"east":{"uv":[0.0,2.0,0.4375,2.03125],"rotation":0,"texture":"#0","tintindex":0},"south":{"uv":[1.84375,2.0,2.8125,2.03125],"rotation":0,"texture":"#0","tintindex":0},"north":{"uv":[0.4375,2.0,1.40625,2.03125],"rotation":0,"texture":"#0","tintindex":0},"west":{"uv":[1.40625,2.0,1.84375,2.03125],"rotation":0,"texture":"#0","tintindex":0},"up":{"uv":[1.40625,2.0,0.4375,1.5625],"rotation":0,"texture":"#0","tintindex":0},"down":{"uv":[2.375,1.5625,1.40625,2.0],"rotation":0,"texture":"#0","tintindex":0}}},{"from":[7.56,6.3600006,-5.2400017],"to":[8.44,7.6400003,-3.5600014],"rotation":{"angle":0.0,"axis":"y","origin":[8.0,5.6000004,-10.400002]},"faces":{"east":{"uv":[0.90625,0.375,1.03125,0.46875],"rotation":0,"texture":"#0","tintindex":0},"south":{"uv":[1.21875,0.375,1.28125,0.46875],"rotation":0,"texture":"#0","tintindex":0},"north":{"uv":[1.03125,0.375,1.09375,0.46875],"rotation":0,"texture":"#0","tintindex":0},"west":{"uv":[1.09375,0.375,1.21875,0.46875],"rotation":0,"texture":"#0","tintindex":0},"up":{"uv":[1.09375,0.375,1.03125,0.25],"rotation":0,"texture":"#0","tintindex":0},"down":{"uv":[1.15625,0.25,1.09375,0.375],"rotation":0,"texture":"#0","tintindex":0}}},{"from":[7.4,6.2000003,-7.000002],"to":[8.6,7.8,-5.000002],"rotation":{"angle":0.0,"axis":"y","origin":[8.0,5.6000004,-10.400002]},"faces":{"east":{"uv":[0.90625,0.4375,1.09375,0.59375],"rotation":0,"texture":"#0","tintindex":0},"south":{"uv":[1.40625,0.4375,1.53125,0.59375],"rotation":0,"texture":"#0","tintindex":0},"north":{"uv":[1.09375,0.4375,1.21875,0.59375],"rotation":0,"texture":"#0","tintindex":0},"west":{"uv":[1.21875,0.4375,1.40625,0.59375],"rotation":0,"texture":"#0","tintindex":0},"up":{"uv":[1.21875,0.4375,1.09375,0.25],"rotation":0,"texture":"#0","tintindex":0},"down":{"uv":[1.34375,0.25,1.21875,0.4375],"rotation":0,"texture":"#0","tintindex":0}}},{"from":[6.0,29.2,24.279999],"to":[8.4,32.0,31.879997],"rotation":{"angle":0.0,"axis":"y","origin":[8.0,5.6000004,-10.400002]},"faces":{"east":{"uv":[0.03125,0.625,0.625,0.84375],"rotation":0,"texture":"#0","tintindex":0},"south":{"uv":[1.40625,0.625,1.59375,0.84375],"rotation":0,"texture":"#0","tintindex":0},"north":{"uv":[0.625,0.625,0.8125,0.84375],"rotation":0,"texture":"#0","tintindex":0},"west":{"uv":[0.8125,0.625,1.40625,0.84375],"rotation":0,"texture":"#0","tintindex":0},"up":{"uv":[0.8125,0.625,0.625,0.03125],"rotation":0,"texture":"#0","tintindex":0},"down":{"uv":[1.0,0.03125,0.8125,0.625],"rotation":0,"texture":"#0","tintindex":0}}}],"display":{"head":{"translation":[0.0,-2.8000016,74.40001],"scale":[4.0,4.0,4.0]}}}