{"textures":{"0":"modelengine:entity/pa_cachalot_whale"},"elements":[{"from":[-5.6000004,0.0,17.599998],"to":[20.400002,3.1999998,32.0],"rotation":{"angle":0.0,"axis":"y","origin":[8.0,-9.6,-78.4]},"faces":{"east":{"uv":[5.03125,6.5625,6.15625,6.8125],"rotation":0,"texture":"#0","tintindex":0},"south":{"uv":[9.3125,6.5625,11.34375,6.8125],"rotation":0,"texture":"#0","tintindex":0},"north":{"uv":[6.15625,6.5625,8.1875,6.8125],"rotation":0,"texture":"#0","tintindex":0},"west":{"uv":[8.1875,6.5625,9.3125,6.8125],"rotation":0,"texture":"#0","tintindex":0},"up":{"uv":[8.1875,6.5625,6.15625,5.4375],"rotation":0,"texture":"#0","tintindex":0},"down":{"uv":[10.21875,5.4375,8.1875,6.5625],"rotation":0,"texture":"#0","tintindex":0}}},{"from":[4.0,-2.8000002,-4.000002],"to":[10.4,8.0,22.4],"rotation":{"angle":0.0,"axis":"y","origin":[8.0,-9.6,-78.4]},"faces":{"east":{"uv":[6.1875,2.0625,8.25,2.90625],"rotation":0,"texture":"#0","tintindex":0},"south":{"uv":[10.8125,2.0625,11.3125,2.90625],"rotation":0,"texture":"#0","tintindex":0},"north":{"uv":[8.25,2.0625,8.75,2.90625],"rotation":0,"texture":"#0","tintindex":0},"west":{"uv":[8.75,2.0625,10.8125,2.90625],"rotation":0,"texture":"#0","tintindex":0},"up":{"uv":[8.75,2.0625,8.25,0.0],"rotation":0,"texture":"#0","tintindex":0},"down":{"uv":[9.25,0.0,8.75,2.0625],"rotation":0,"texture":"#0","tintindex":0}}}],"display":{"head":{"translation":[0.0,-6.4,41.600006],"scale":[4.0,4.0,4.0]}}}