{"textures":{"0":"modelengine:entity/pa_cachalot_whale"},"elements":[{"from":[7.428571,6.285714,5.142857],"to":[26.857143,8.0,17.142857],"rotation":{"angle":0.0,"axis":"z","origin":[8.0,8.0,8.0]},"faces":{"east":{"uv":[9.5625,7.5625,10.21875,7.65625],"rotation":0,"texture":"#0","tintindex":0},"south":{"uv":[11.9375,7.5625,13.0,7.65625],"rotation":0,"texture":"#0","tintindex":0},"north":{"uv":[10.21875,7.5625,11.28125,7.65625],"rotation":0,"texture":"#0","tintindex":0},"west":{"uv":[11.28125,7.5625,11.9375,7.65625],"rotation":0,"texture":"#0","tintindex":0},"up":{"uv":[11.28125,7.5625,10.21875,6.90625],"rotation":0,"texture":"#0","tintindex":0},"down":{"uv":[12.34375,6.90625,11.28125,7.5625],"rotation":0,"texture":"#0","tintindex":0}}}],"display":{"head":{"translation":[0.0,-6.4,0.0],"scale":[4.0,4.0,4.0]}}}