{"textures":{"0":"modelengine:entity/pa_cachalot_whale"},"elements":[{"from":[-11.428572,8.428572,8.0],"to":[8.571428,10.142858,20.0],"rotation":{"angle":0.0,"axis":"z","origin":[8.0,8.0,8.0]},"faces":{"east":{"uv":[9.53125,7.5625,10.1875,7.65625],"rotation":0,"texture":"#0","tintindex":0},"south":{"uv":[11.9375,7.5625,13.03125,7.65625],"rotation":0,"texture":"#0","tintindex":0},"north":{"uv":[10.1875,7.5625,11.28125,7.65625],"rotation":0,"texture":"#0","tintindex":0},"west":{"uv":[11.28125,7.5625,11.9375,7.65625],"rotation":0,"texture":"#0","tintindex":0},"up":{"uv":[11.28125,7.5625,10.1875,6.90625],"rotation":0,"texture":"#0","tintindex":0},"down":{"uv":[12.375,6.90625,11.28125,7.5625],"rotation":0,"texture":"#0","tintindex":0}}}],"display":{"head":{"translation":[0.0,-6.4,0.0],"scale":[4.0,4.0,4.0]}}}