{"textures":{"0":"modelengine:entity/pa_cachalot_whale"},"elements":[{"from":[-3.1428576,-7.714287,-16.0],"to":[17.428572,18.57143,31.428574],"rotation":{"angle":0.0,"axis":"y","origin":[8.0,-13.285715,35.428574]},"faces":{"east":{"uv":[0.0625,8.0625,2.65625,9.5],"rotation":0,"texture":"#0","tintindex":0},"south":{"uv":[6.375,8.0625,7.5,9.5],"rotation":0,"texture":"#0","tintindex":0},"north":{"uv":[2.65625,8.0625,3.78125,9.5],"rotation":0,"texture":"#0","tintindex":0},"west":{"uv":[3.78125,8.0625,6.375,9.5],"rotation":0,"texture":"#0","tintindex":0},"up":{"uv":[3.78125,8.0625,2.65625,5.46875],"rotation":0,"texture":"#0","tintindex":0},"down":{"uv":[4.90625,5.46875,3.78125,8.0625],"rotation":0,"texture":"#0","tintindex":0}}}],"display":{"head":{"translation":[0.0,-6.4,-93.714294],"scale":[4.0,4.0,4.0]}}}