{"textures":{"0":"modelengine:entity/pa_cachalot_whale"},"elements":[{"from":[3.4285712,7.3714285,-16.0],"to":[11.428572,12.514286,24.571432],"rotation":{"angle":0.0,"axis":"y","origin":[8.0,6.942857,29.14286]},"faces":{"east":{"uv":[9.15625,2.9375,11.375,3.21875],"rotation":0,"texture":"#0","tintindex":0},"south":{"uv":[14.03125,2.9375,14.46875,3.21875],"rotation":0,"texture":"#0","tintindex":0},"north":{"uv":[11.375,2.9375,11.8125,3.21875],"rotation":0,"texture":"#0","tintindex":0},"west":{"uv":[11.8125,2.9375,14.03125,3.21875],"rotation":0,"texture":"#0","tintindex":0},"up":{"uv":[11.8125,2.9375,11.375,0.71875],"rotation":0,"texture":"#0","tintindex":0},"down":{"uv":[12.25,0.71875,11.8125,2.9375],"rotation":0,"texture":"#0","tintindex":0}}}],"display":{"head":{"translation":[0.0,-6.4,-68.57144],"scale":[4.0,4.0,4.0]}}}