{"textures":{"0":"modelengine:entity/pa_cachalot_whale"},"elements":[{"from":[-1.1428576,-16.0,-13.714289],"to":[14.857143,9.714286,32.0],"rotation":{"angle":0.0,"axis":"y","origin":[8.0,-19.714287,-74.28572]},"faces":{"east":{"uv":[5.15625,9.59375,7.65625,11.0],"rotation":0,"texture":"#0","tintindex":0},"south":{"uv":[11.03125,9.59375,11.90625,11.0],"rotation":0,"texture":"#0","tintindex":0},"north":{"uv":[7.65625,9.59375,8.53125,11.0],"rotation":0,"texture":"#0","tintindex":0},"west":{"uv":[8.53125,9.59375,11.03125,11.0],"rotation":0,"texture":"#0","tintindex":0},"up":{"uv":[8.53125,9.59375,7.65625,7.09375],"rotation":0,"texture":"#0","tintindex":0},"down":{"uv":[9.40625,7.09375,8.53125,9.59375],"rotation":0,"texture":"#0","tintindex":0}}}],"display":{"head":{"translation":[0.0,-12.114286,77.714294],"scale":[4.0,4.0,4.0]}}}