{"textures":{"0":"modelengine:entity/pa_cave_centipede"},"elements":[{"from":[4.8571424,8.0,7.714286],"to":[7.142857,9.714286,15.142858],"rotation":{"angle":-22.5,"axis":"x","origin":[8.0,5.142857,9.142858]},"faces":{"east":{"uv":[0.0,4.9375,0.75,5.0625],"rotation":0,"texture":"#0","tintindex":0},"south":{"uv":[1.6875,4.9375,1.875,5.0625],"rotation":0,"texture":"#0","tintindex":0},"north":{"uv":[0.75,4.9375,0.9375,5.0625],"rotation":0,"texture":"#0","tintindex":0},"west":{"uv":[0.9375,4.9375,1.6875,5.0625],"rotation":0,"texture":"#0","tintindex":0},"up":{"uv":[0.9375,4.9375,0.75,4.1875],"rotation":0,"texture":"#0","tintindex":0},"down":{"uv":[1.125,4.1875,0.9375,4.9375],"rotation":0,"texture":"#0","tintindex":0}}},{"from":[7.142857,10.285714,12.571428],"to":[8.285714,11.428572,18.285715],"rotation":{"angle":22.5,"axis":"y","origin":[8.571428,10.857143,13.714286]},"faces":{"east":{"uv":[1.9375,5.0625,2.5625,5.1875],"rotation":0,"texture":"#0","tintindex":0},"south":{"uv":[3.3125,5.0625,3.4375,5.1875],"rotation":0,"texture":"#0","tintindex":0},"north":{"uv":[2.5625,5.0625,2.6875,5.1875],"rotation":0,"texture":"#0","tintindex":0},"west":{"uv":[2.6875,5.0625,3.3125,5.1875],"rotation":0,"texture":"#0","tintindex":0},"up":{"uv":[2.6875,5.0625,2.5625,4.4375],"rotation":0,"texture":"#0","tintindex":0},"down":{"uv":[2.8125,4.4375,2.6875,5.0625],"rotation":0,"texture":"#0","tintindex":0}}},{"from":[9.714286,10.571428,17.714287],"to":[10.285714,11.142858,22.285715],"rotation":{"angle":22.5,"axis":"x","origin":[2.8571424,10.857143,17.714287]},"faces":{"east":{"uv":[1.25,4.6875,1.75,4.75],"rotation":0,"texture":"#0","tintindex":0},"south":{"uv":[2.3125,4.6875,2.375,4.75],"rotation":0,"texture":"#0","tintindex":0},"north":{"uv":[1.75,4.6875,1.8125,4.75],"rotation":0,"texture":"#0","tintindex":0},"west":{"uv":[1.8125,4.6875,2.3125,4.75],"rotation":0,"texture":"#0","tintindex":0},"up":{"uv":[1.8125,4.6875,1.75,4.1875],"rotation":0,"texture":"#0","tintindex":0},"down":{"uv":[1.875,4.1875,1.8125,4.6875],"rotation":0,"texture":"#0","tintindex":0}}}],"display":{"head":{"translation":[0.0,-6.4,0.0],"scale":[4.0,4.0,4.0]}}}