{"textures":{"0":"modelengine:entity/pa_cave_centipede"},"elements":[{"from":[-1.7142859,7.142857,0.5714278],"to":[3.4285712,8.285714,1.7142849],"rotation":{"angle":0.0,"axis":"y","origin":[8.0,8.0,-5.714287]},"faces":{"east":{"uv":[1.9375,4.25,2.0625,4.375],"rotation":0,"texture":"#0","tintindex":0},"south":{"uv":[2.75,4.25,3.3125,4.375],"rotation":0,"texture":"#0","tintindex":0},"north":{"uv":[2.0625,4.25,2.625,4.375],"rotation":0,"texture":"#0","tintindex":0},"west":{"uv":[2.625,4.25,2.75,4.375],"rotation":0,"texture":"#0","tintindex":0},"up":{"uv":[2.625,4.25,2.0625,4.125],"rotation":0,"texture":"#0","tintindex":0},"down":{"uv":[3.1875,4.125,2.625,4.25],"rotation":0,"texture":"#0","tintindex":0}}},{"from":[-1.7142859,7.142857,10.857143],"to":[3.4285712,8.285714,12.0],"rotation":{"angle":0.0,"axis":"y","origin":[8.0,8.0,-5.714287]},"faces":{"east":{"uv":[1.9375,4.25,2.0625,4.375],"rotation":0,"texture":"#0","tintindex":0},"south":{"uv":[2.75,4.25,3.3125,4.375],"rotation":0,"texture":"#0","tintindex":0},"north":{"uv":[2.0625,4.25,2.625,4.375],"rotation":0,"texture":"#0","tintindex":0},"west":{"uv":[2.625,4.25,2.75,4.375],"rotation":0,"texture":"#0","tintindex":0},"up":{"uv":[2.625,4.25,2.0625,4.125],"rotation":0,"texture":"#0","tintindex":0},"down":{"uv":[3.1875,4.125,2.625,4.25],"rotation":0,"texture":"#0","tintindex":0}}},{"from":[-1.7142859,7.142857,5.714285],"to":[3.4285712,8.285714,6.8571424],"rotation":{"angle":0.0,"axis":"y","origin":[8.0,8.0,-5.714287]},"faces":{"east":{"uv":[1.9375,4.25,2.0625,4.375],"rotation":0,"texture":"#0","tintindex":0},"south":{"uv":[2.75,4.25,3.3125,4.375],"rotation":0,"texture":"#0","tintindex":0},"north":{"uv":[2.0625,4.25,2.625,4.375],"rotation":0,"texture":"#0","tintindex":0},"west":{"uv":[2.625,4.25,2.75,4.375],"rotation":0,"texture":"#0","tintindex":0},"up":{"uv":[2.625,4.25,2.0625,4.125],"rotation":0,"texture":"#0","tintindex":0},"down":{"uv":[3.1875,4.125,2.625,4.25],"rotation":0,"texture":"#0","tintindex":0}}},{"from":[-1.7142859,7.142857,21.714287],"to":[3.4285712,8.285714,22.857143],"rotation":{"angle":0.0,"axis":"y","origin":[8.0,8.0,-5.714287]},"faces":{"east":{"uv":[1.9375,4.25,2.0625,4.375],"rotation":0,"texture":"#0","tintindex":0},"south":{"uv":[2.75,4.25,3.3125,4.375],"rotation":0,"texture":"#0","tintindex":0},"north":{"uv":[2.0625,4.25,2.625,4.375],"rotation":0,"texture":"#0","tintindex":0},"west":{"uv":[2.625,4.25,2.75,4.375],"rotation":0,"texture":"#0","tintindex":0},"up":{"uv":[2.625,4.25,2.0625,4.125],"rotation":0,"texture":"#0","tintindex":0},"down":{"uv":[3.1875,4.125,2.625,4.25],"rotation":0,"texture":"#0","tintindex":0}}},{"from":[-1.7142859,7.142857,16.571428],"to":[3.4285712,8.285714,17.714285],"rotation":{"angle":0.0,"axis":"y","origin":[8.0,8.0,-5.714287]},"faces":{"east":{"uv":[1.9375,4.25,2.0625,4.375],"rotation":0,"texture":"#0","tintindex":0},"south":{"uv":[2.75,4.25,3.3125,4.375],"rotation":0,"texture":"#0","tintindex":0},"north":{"uv":[2.0625,4.25,2.625,4.375],"rotation":0,"texture":"#0","tintindex":0},"west":{"uv":[2.625,4.25,2.75,4.375],"rotation":0,"texture":"#0","tintindex":0},"up":{"uv":[2.625,4.25,2.0625,4.125],"rotation":0,"texture":"#0","tintindex":0},"down":{"uv":[3.1875,4.125,2.625,4.25],"rotation":0,"texture":"#0","tintindex":0}}},{"from":[-1.7142859,7.142857,30.857143],"to":[3.4285712,8.285714,32.0],"rotation":{"angle":0.0,"axis":"y","origin":[8.0,8.0,-5.714287]},"faces":{"east":{"uv":[1.9375,4.25,2.0625,4.375],"rotation":0,"texture":"#0","tintindex":0},"south":{"uv":[2.75,4.25,3.3125,4.375],"rotation":0,"texture":"#0","tintindex":0},"north":{"uv":[2.0625,4.25,2.625,4.375],"rotation":0,"texture":"#0","tintindex":0},"west":{"uv":[2.625,4.25,2.75,4.375],"rotation":0,"texture":"#0","tintindex":0},"up":{"uv":[2.625,4.25,2.0625,4.125],"rotation":0,"texture":"#0","tintindex":0},"down":{"uv":[3.1875,4.125,2.625,4.25],"rotation":0,"texture":"#0","tintindex":0}}},{"from":[-1.7142859,7.142857,26.285713],"to":[3.4285712,8.285714,27.428574],"rotation":{"angle":0.0,"axis":"y","origin":[8.0,8.0,-5.714287]},"faces":{"east":{"uv":[1.9375,4.25,2.0625,4.375],"rotation":0,"texture":"#0","tintindex":0},"south":{"uv":[2.75,4.25,3.3125,4.375],"rotation":0,"texture":"#0","tintindex":0},"north":{"uv":[2.0625,4.25,2.625,4.375],"rotation":0,"texture":"#0","tintindex":0},"west":{"uv":[2.625,4.25,2.75,4.375],"rotation":0,"texture":"#0","tintindex":0},"up":{"uv":[2.625,4.25,2.0625,4.125],"rotation":0,"texture":"#0","tintindex":0},"down":{"uv":[3.1875,4.125,2.625,4.25],"rotation":0,"texture":"#0","tintindex":0}}}],"display":{"head":{"translation":[0.0,-6.4,54.857147],"scale":[4.0,4.0,4.0]}}}